Workbook
Name RSSIobjetivo: Entradas!$B$12
Name Lm: Entradas!$B$10
Name Ptx: Entradas!$B$5
Name Ltx: Entradas!$B$8
Name Sensibilidad: Entradas!$B$11
Name Lrx: Entradas!$B$9
Name Grx: Entradas!$B$7
Name Gtx: Entradas!$B$6

Sheet Entradas
A1: PROYECTO: AUDITORÍA Y REDISEÑO DE RED WI-FI — BIBLIOTECA UNIVERSITARIA
A2: Hoja de Entradas — Parámetros base del presupuesto de enlace (metodología G2)
A4: Parámetro | B4: Valor | C4: Unidad | D4: Origen / Justificación
A5: Potencia de transmisión (P_tx) | B5: 20 | C5: dBm | D5: Potencia típica de AP empresarial en Colombia (G1, script de referencia)
A6: Ganancia antena Tx (G_tx) | B6: 3 | C6: dBi | D6: Antena omnidireccional integrada; rango típico 2-5 dBi (G1, sección 1.4)
A7: Ganancia antena Rx (G_rx) | B7: 0 | C7: dBi | D7: SUPUESTO: antena típica de smartphone/laptop (dispositivo "menos capaz", LCD, G2 2.3)
A8: Pérdidas Tx (L_tx) | B8: 1 | C8: dB | D8: SUPUESTO: pérdidas de conector internas del AP
A9: Pérdidas Rx (L_rx) | B9: 1 | C9: dB | D9: SUPUESTO: pérdidas en el dispositivo cliente
A10: Margen de desvanecimiento (L_m) | B10: 10 | C10: dB | D10: SUPUESTO: interior, clima seco, mínimo recomendado por G2 (sección 1.2: 10-20 dB)
A11: Sensibilidad del receptor | B11: -75 | C11: dBm | D11: SUPUESTO: valor típico de referencia usado en el script de G2 (ej. -75 dBm)
A12: RSSI objetivo mínimo | B12: -67 | C12: dBm | D12: Criterio G2/G3 para aplicaciones en tiempo real
A13: Frecuencia 2.4 GHz (Canal 6) | B13: 2437 | C13: MHz | D13: Plan de canales no solapados 1/6/11 (G1, sección 1.2)
A14: Frecuencia 5 GHz (Canal 36) | B14: 5180 | C14: MHz | D14: Banda UNII-1, primer canal no solapado (G1, sección 1.2)
A17: Zonas de cobertura propuestas (distancia AP → punto más lejano de la zona)
A18: AP | B18: Zona cubierta | C18: Área (m²) | D18: Distancia máx. (m) | E18: Observación
A19: AP1 | B19: Entrada Principal + Sala Audiovisual | C19: 27.28 | D19: 3.8 | E19: SUPUESTO: semidiagonal estimada a partir del área (relación 1.4:1)
A20: AP2 | B20: Sala de Estudio Colaborativo + Zaguán | C20: 45.09 | D20: 4.88 | E20: SUPUESTO: semidiagonal estimada a partir del área
A21: AP3 | B21: Atención/Circulación + Depósito + Informática + Sanitarios | C21: 55.65 | D21: 5.42 | E21: SUPUESTO: semidiagonal estimada a partir del área
A22: AP4 | B22: Hemeroteca + Sala de Lectura | C22: 58.85 | D22: 5.58 | E22: SUPUESTO: semidiagonal estimada a partir del área

Sheet Cálculos
A1: Hoja de Cálculos — FSPL, RSSI y SOM por banda y distancia de referencia
A2: Fórmulas: FSPL(dB)=20*LOG10(d)+20*LOG10(f)-27.55 | RSSI=Ptx+Gtx-Ltx-FSPL-Lm+Grx-Lrx | SOM=RSSI-Sensibilidad
A4: Distancia (m) | B4: Banda | C4: Frecuencia (MHz) | D4: FSPL (dB) | E4: RSSI (dBm) | F4: SOM (dB) | G4: Veredicto | H4: Cumple RSSI objetivo
A5: 5 | B5: 2.4 GHz (Canal 6) | C5: =F24 -> #REF! | D5: =20*LOG10(A5)+20*LOG10(C5)-27.55 -> #REF! | E5: =Ptx+Gtx-Ltx-D5-Lm+Grx-Lrx -> #REF! | F5: =E5-Sensibilidad -> #REF! | G5: =IF(F5<10,"FALLIDO",IF(F5<20,"RIESGO","APROBADO")) -> #REF! | H5: =IF(E5>RSSIobjetivo,"SI","NO") -> #REF!
A6: 5 | B6: 5 GHz (Canal 36) | C6: =F5 -> #REF! | D6: =20*LOG10(A6)+20*LOG10(C6)-27.55 -> #REF! | E6: =Ptx+Gtx-Ltx-D6-Lm+Grx-Lrx -> #REF! | F6: =E6-Sensibilidad -> #REF! | G6: =IF(F6<10,"FALLIDO",IF(F6<20,"RIESGO","APROBADO")) -> #REF! | H6: =IF(E6>RSSIobjetivo,"SI","NO") -> #REF!
A7: 10 | B7: 2.4 GHz (Canal 6) | C7: =F24 -> #REF! | D7: =20*LOG10(A7)+20*LOG10(C7)-27.55 -> #REF! | E7: =Ptx+Gtx-Ltx-D7-Lm+Grx-Lrx -> #REF! | F7: =E7-Sensibilidad -> #REF! | G7: =IF(F7<10,"FALLIDO",IF(F7<20,"RIESGO","APROBADO")) -> #REF! | H7: =IF(E7>RSSIobjetivo,"SI","NO") -> #REF!
A8: 10 | B8: 5 GHz (Canal 36) | C8: =F5 -> #REF! | D8: =20*LOG10(A8)+20*LOG10(C8)-27.55 -> #REF! | E8: =Ptx+Gtx-Ltx-D8-Lm+Grx-Lrx -> #REF! | F8: =E8-Sensibilidad -> #REF! | G8: =IF(F8<10,"FALLIDO",IF(F8<20,"RIESGO","APROBADO")) -> #REF! | H8: =IF(E8>RSSIobjetivo,"SI","NO") -> #REF!
A9: 15 | B9: 2.4 GHz (Canal 6) | C9: =F24 -> #REF! | D9: =20*LOG10(A9)+20*LOG10(C9)-27.55 -> #REF! | E9: =Ptx+Gtx-Ltx-D9-Lm+Grx-Lrx -> #REF! | F9: =E9-Sensibilidad -> #REF! | G9: =IF(F9<10,"FALLIDO",IF(F9<20,"RIESGO","APROBADO")) -> #REF! | H9: =IF(E9>RSSIobjetivo,"SI","NO") -> #REF!
A10: 15 | B10: 5 GHz (Canal 36) | C10: =F5 -> #REF! | D10: =20*LOG10(A10)+20*LOG10(C10)-27.55 -> #REF! | E10: =Ptx+Gtx-Ltx-D10-Lm+Grx-Lrx -> #REF! | F10: =E10-Sensibilidad -> #REF! | G10: =IF(F10<10,"FALLIDO",IF(F10<20,"RIESGO","APROBADO")) -> #REF! | H10: =IF(E10>RSSIobjetivo,"SI","NO") -> #REF!
A11: 20 | B11: 2.4 GHz (Canal 6) | C11: =F24 -> #REF! | D11: =20*LOG10(A11)+20*LOG10(C11)-27.55 -> #REF! | E11: =Ptx+Gtx-Ltx-D11-Lm+Grx-Lrx -> #REF! | F11: =E11-Sensibilidad -> #REF! | G11: =IF(F11<10,"FALLIDO",IF(F11<20,"RIESGO","APROBADO")) -> #REF! | H11: =IF(E11>RSSIobjetivo,"SI","NO") -> #REF!
A12: 20 | B12: 5 GHz (Canal 36) | C12: =F5 -> #REF! | D12: =20*LOG10(A12)+20*LOG10(C12)-27.55 -> #REF! | E12: =Ptx+Gtx-Ltx-D12-Lm+Grx-Lrx -> #REF! | F12: =E12-Sensibilidad -> #REF! | G12: =IF(F12<10,"FALLIDO",IF(F12<20,"RIESGO","APROBADO")) -> #REF! | H12: =IF(E12>RSSIobjetivo,"SI","NO") -> #REF!
A15: DISEÑO FINAL POR PUNTO DE ACCESO (peor caso: distancia máxima de cada zona)
A16: AP | B16: Zona | C16: Distancia máx. (m) | D16: Banda | E16: Frecuencia (MHz) | F16: FSPL (dB) | G16: RSSI (dBm) | H16: SOM (dB) / Veredicto
A17: =Entradas!A19 -> AP1 | B17: =Entradas!B19 -> Entrada Principal + Sala Audiovisual | C17: =Entradas!D19 -> 3.8 | D17: 2.4 GHz (Canal 6) | E17: =F24 -> #REF! | F17: =20*LOG10(C17)+20*LOG10(E17)-27.55 -> #REF! | G17: =Ptx+Gtx-Ltx-F17-Lm+Grx-Lrx -> #REF! | H17: =G17-Sensibilidad&" / "&IF(G17-Sensibilidad<10,"FALLIDO",IF(G17-Sensibilidad<20,"RIESGO","APROBADO")) -> #REF!
A18: =Entradas!A19 -> AP1 | B18: =Entradas!B19 -> Entrada Principal + Sala Audiovisual | C18: =Entradas!D19 -> 3.8 | D18: 5 GHz (Canal 36) | E18: =F5 -> #REF! | F18: =20*LOG10(C18)+20*LOG10(E18)-27.55 -> #REF! | G18: =Ptx+Gtx-Ltx-F18-Lm+Grx-Lrx -> #REF! | H18: =G18-Sensibilidad&" / "&IF(G18-Sensibilidad<10,"FALLIDO",IF(G18-Sensibilidad<20,"RIESGO","APROBADO")) -> #REF!
A19: =Entradas!A20 -> AP2 | B19: =Entradas!B20 -> Sala de Estudio Colaborativo + Zaguán | C19: =Entradas!D20 -> 4.88 | D19: 2.4 GHz (Canal 6) | E19: =F24 -> #REF! | F19: =20*LOG10(C19)+20*LOG10(E19)-27.55 -> #REF! | G19: =Ptx+Gtx-Ltx-F19-Lm+Grx-Lrx -> #REF! | H19: =G19-Sensibilidad&" / "&IF(G19-Sensibilidad<10,"FALLIDO",IF(G19-Sensibilidad<20,"RIESGO","APROBADO")) -> #REF!
A20: =Entradas!A20 -> AP2 | B20: =Entradas!B20 -> Sala de Estudio Colaborativo + Zaguán | C20: =Entradas!D20 -> 4.88 | D20: 5 GHz (Canal 36) | E20: =F5 -> #REF! | F20: =20*LOG10(C20)+20*LOG10(E20)-27.55 -> #REF! | G20: =Ptx+Gtx-Ltx-F20-Lm+Grx-Lrx -> #REF! | H20: =G20-Sensibilidad&" / "&IF(G20-Sensibilidad<10,"FALLIDO",IF(G20-Sensibilidad<20,"RIESGO","APROBADO")) -> #REF!
A21: =Entradas!A21 -> AP3 | B21: =Entradas!B21 -> Atención/Circulación + Depósito + Informática + Sanitarios | C21: =Entradas!D21 -> 5.42 | D21: 2.4 GHz (Canal 6) | E21: =F24 -> #REF! | F21: =20*LOG10(C21)+20*LOG10(E21)-27.55 -> #REF! | G21: =Ptx+Gtx-Ltx-F21-Lm+Grx-Lrx -> #REF! | H21: =G21-Sensibilidad&" / "&IF(G21-Sensibilidad<10,"FALLIDO",IF(G21-Sensibilidad<20,"RIESGO","APROBADO")) -> #REF!
A22: =Entradas!A21 -> AP3 | B22: =Entradas!B21 -> Atención/Circulación + Depósito + Informática + Sanitarios | C22: =Entradas!D21 -> 5.42 | D22: 5 GHz (Canal 36) | E22: =F5 -> #REF! | F22: =20*LOG10(C22)+20*LOG10(E22)-27.55 -> #REF! | G22: =Ptx+Gtx-Ltx-F22-Lm+Grx-Lrx -> #REF! | H22: =G22-Sensibilidad&" / "&IF(G22-Sensibilidad<10,"FALLIDO",IF(G22-Sensibilidad<20,"RIESGO","APROBADO")) -> #REF!
A23: =Entradas!A22 -> AP4 | B23: =Entradas!B22 -> Hemeroteca + Sala de Lectura | C23: =Entradas!D22 -> 5.58 | D23: 2.4 GHz (Canal 6) | E23: =F24 -> #REF! | F23: =20*LOG10(C23)+20*LOG10(E23)-27.55 -> #REF! | G23: =Ptx+Gtx-Ltx-F23-Lm+Grx-Lrx -> #REF! | H23: =G23-Sensibilidad&" / "&IF(G23-Sensibilidad<10,"FALLIDO",IF(G23-Sensibilidad<20,"RIESGO","APROBADO")) -> #REF!
A24: =Entradas!A22 -> AP4 | B24: =Entradas!B22 -> Hemeroteca + Sala de Lectura | C24: =Entradas!D22 -> 5.58 | D24: 5 GHz (Canal 36) | E24: =F5 -> #REF! | F24: =20*LOG10(C24)+20*LOG10(E24)-27.55 -> #REF! | G24: =Ptx+Gtx-Ltx-F24-Lm+Grx-Lrx -> #REF! | H24: =G24-Sensibilidad&" / "&IF(G24-Sensibilidad<10,"FALLIDO",IF(G24-Sensibilidad<20,"RIESGO","APROBADO")) -> #REF!

Sheet Resultados
A1: Hoja de Resultados — Resumen ejecutivo del diseño
A3: Indicador | B3: Valor
A4: Área total de referencia del plano (m²) | B4: 186.87
A5: Número de Access Points diseñados | B5: 4
A6: Área total cubierta por los 4 AP (m²) | B6: =SUM(Entradas!C19:C22) -> 186.87
A7: Banda priorizada | B7: 5 GHz (24 canales no solapados, mayor capacidad)
A8: Banda de respaldo / dispositivos legacy | B8: 2.4 GHz
A9: SOM mínimo obtenido en 5 GHz (peor caso, todos los AP) | B9: =MIN('Cálculos'!G17:G24)-Sensibilidad -> #REF!
A10: AP con enlace APROBADO en 5 GHz en el peor caso | B10: 4
A11: Seguridad | B11: WPA3-Enterprise (802.1X / RADIUS / EAP)
A12: VLAN 10 | B12: Personal Administrativo / Bibliotecario
A13: VLAN 20 | B13: Estudiantes y Docentes (usuarios de biblioteca)
A15: Nota: todas las celdas de valor son fórmulas vinculadas a las hojas Entradas y Cálculos.
